{
  "dataset_info": {
    "total_samples": 8949,
    "substance_samples": 4431,
    "air_samples": 4518,
    "features_original": 32,
    "features_engineered": 11,
    "features_final": 43
  },
  "missing_data": {
    "total_missing_pct": 10.886342049390993,
    "features_dropped": 0
  },
  "class_balance": {
    "min_class_size": 718,
    "max_class_size": 1156,
    "imbalance_ratio": 1.6100278551532032
  },
  "separability": {
    "Silhouette_Score": 0.307209052874462,
    "Calinski_Harabasz_Index": 1618.0656183708402,
    "Davies_Bouldin_Index": 1.2997871488916743,
    "Fisher_Criterion": 19.850407784770898
  },
  "recommendations": []
}