{
  "feature_names": [
    "bme688_8_temp",
    "bme688_8_pres",
    "bme688_8_hum",
    "bme688_8_gas_res",
    "bme688_7_temp",
    "bme688_7_pres",
    "bme688_7_hum",
    "bme688_7_gas_res",
    "bme688_6_temp",
    "bme688_6_pres",
    "bme688_6_hum",
    "bme688_6_gas_res",
    "bme688_5_temp",
    "bme688_5_pres",
    "bme688_5_hum",
    "bme688_5_gas_res",
    "bme688_4_temp",
    "bme688_4_pres",
    "bme688_4_hum",
    "bme688_4_gas_res",
    "bme688_3_temp",
    "bme688_3_pres",
    "bme688_3_hum",
    "bme688_3_gas_res",
    "bme688_2_temp",
    "bme688_2_pres",
    "bme688_2_hum",
    "bme688_2_gas_res",
    "bme688_1_temp",
    "bme688_1_pres",
    "bme688_1_hum",
    "bme688_1_gas_res"
  ],
  "n_features": 32,
  "n_samples_total": 8123,
  "n_train": 6498,
  "n_test": 1625,
  "class_distribution": {
    "Acetone": 2000,
    "Redidlo": 1881,
    "Vinegar": 1524,
    "Savo": 1390,
    "Softasept": 1328
  },
  "label_encoding": {
    "Acetone": 0,
    "Redidlo": 1,
    "Savo": 2,
    "Softasept": 3,
    "Vinegar": 4
  }
}