{
  "feature_names": [
    "bme688_8_temp",
    "bme688_8_pres",
    "bme688_8_hum",
    "bme688_8_gas_res",
    "bme688_7_temp",
    "bme688_7_pres",
    "bme688_7_hum",
    "bme688_7_gas_res",
    "bme688_6_temp",
    "bme688_6_pres",
    "bme688_6_hum",
    "bme688_6_gas_res",
    "bme688_5_temp",
    "bme688_5_pres",
    "bme688_5_hum",
    "bme688_5_gas_res",
    "bme688_4_temp",
    "bme688_4_pres",
    "bme688_4_hum",
    "bme688_4_gas_res",
    "bme688_3_temp",
    "bme688_3_pres",
    "bme688_3_hum",
    "bme688_3_gas_res",
    "bme688_2_temp",
    "bme688_2_pres",
    "bme688_2_hum",
    "bme688_2_gas_res",
    "bme688_1_temp",
    "bme688_1_pres",
    "bme688_1_hum",
    "bme688_1_gas_res",
    "gas_res_mean",
    "gas_res_std",
    "gas_res_min",
    "gas_res_max",
    "gas_res_range",
    "gas_res_cv",
    "gas_res_ratio_1_8",
    "gas_res_ratio_max_min",
    "temp_mean",
    "hum_mean",
    "gas_res_slope"
  ],
  "n_features": 43,
  "n_samples_total": 4431,
  "n_train": 2658,
  "n_val": 886,
  "n_test": 887,
  "class_labels": {
    "Acetone": 0,
    "Redidlo": 1,
    "Savo": 2,
    "Softasept": 3,
    "Vinegar": 4
  },
  "class_distribution": {
    "train": {
      "Acetone": 694,
      "Redidlo": 601,
      "Savo": 430,
      "Softasept": 442,
      "Vinegar": 491
    },
    "val": {
      "Acetone": 231,
      "Redidlo": 200,
      "Savo": 144,
      "Softasept": 147,
      "Vinegar": 164
    },
    "test": {
      "Acetone": 231,
      "Redidlo": 200,
      "Savo": 144,
      "Softasept": 148,
      "Vinegar": 164
    }
  },
  "engineered_features": [
    "gas_res_mean",
    "gas_res_std",
    "gas_res_min",
    "gas_res_max",
    "gas_res_range",
    "gas_res_cv",
    "gas_res_ratio_1_8",
    "gas_res_ratio_max_min",
    "temp_mean",
    "hum_mean",
    "gas_res_slope"
  ],
  "original_features": [
    "bme688_8_temp",
    "bme688_8_pres",
    "bme688_8_hum",
    "bme688_8_gas_res",
    "bme688_7_temp",
    "bme688_7_pres",
    "bme688_7_hum",
    "bme688_7_gas_res",
    "bme688_6_temp",
    "bme688_6_pres",
    "bme688_6_hum",
    "bme688_6_gas_res",
    "bme688_5_temp",
    "bme688_5_pres",
    "bme688_5_hum",
    "bme688_5_gas_res",
    "bme688_4_temp",
    "bme688_4_pres",
    "bme688_4_hum",
    "bme688_4_gas_res",
    "bme688_3_temp",
    "bme688_3_pres",
    "bme688_3_hum",
    "bme688_3_gas_res",
    "bme688_2_temp",
    "bme688_2_pres",
    "bme688_2_hum",
    "bme688_2_gas_res",
    "bme688_1_temp",
    "bme688_1_pres",
    "bme688_1_hum",
    "bme688_1_gas_res"
  ],
  "separability_metrics": {
    "Silhouette_Score": 0.307209052874462,
    "Calinski_Harabasz_Index": 1618.0656183708402,
    "Davies_Bouldin_Index": 1.2997871488916743,
    "Fisher_Criterion": 19.850407784770898
  }
}